<?xml version="1.0" encoding="UTF-8"?>
<project-private xmlns="http://www.netbeans.org/ns/project-private/1">
    <editor-bookmarks xmlns="http://www.netbeans.org/ns/editor-bookmarks/2" lastBookmarkId="0"/>
    <open-files xmlns="http://www.netbeans.org/ns/projectui-open-files/2">
        <group>
            <file>file:/C:/Users/MUHAMMAD%20ZAFAR/Documents/NetBeansProjects/oopccp%20projecttt/src/OnlineCustomer.java</file>
            <file>file:/C:/Users/MUHAMMAD%20ZAFAR/Documents/NetBeansProjects/oopccp%20projecttt/src/Bill.java</file>
            <file>file:/C:/Users/MUHAMMAD%20ZAFAR/Documents/NetBeansProjects/oopccp%20projecttt/src/Customer.java</file>
            <file>file:/C:/Users/MUHAMMAD%20ZAFAR/Documents/NetBeansProjects/oopccp%20projecttt/src/ItemInterface.java</file>
            <file>file:/C:/Users/MUHAMMAD%20ZAFAR/Documents/NetBeansProjects/oopccp%20projecttt/src/SparSupermarket.java</file>
            <file>file:/C:/Users/MUHAMMAD%20ZAFAR/Documents/NetBeansProjects/oopccp%20projecttt/src/Inventory.java</file>
            <file>file:/C:/Users/MUHAMMAD%20ZAFAR/Documents/NetBeansProjects/oopccp%20projecttt/src/InStoreCustomer.java</file>
            <file>file:/C:/Users/MUHAMMAD%20ZAFAR/Documents/NetBeansProjects/oopccp%20projecttt/src/Salesperson.java</file>
            <file>file:/C:/Users/MUHAMMAD%20ZAFAR/Documents/NetBeansProjects/oopccp%20projecttt/src/Order.java</file>
            <file>file:/C:/Users/MUHAMMAD%20ZAFAR/Documents/NetBeansProjects/oopccp%20projecttt/src/ManagementSystem.java</file>
            <file>file:/C:/Users/MUHAMMAD%20ZAFAR/Documents/NetBeansProjects/oopccp%20projecttt/src/ContactDetails.java</file>
            <file>file:/C:/Users/MUHAMMAD%20ZAFAR/Documents/NetBeansProjects/oopccp%20projecttt/src/SupermarketApplication.java</file>
            <file>file:/C:/Users/MUHAMMAD%20ZAFAR/Documents/NetBeansProjects/oopccp%20projecttt/src/Item.java</file>
        </group>
    </open-files>
</project-private>
